{
  "baseline": {
    "tag": "baseline",
    "acc": 0.824,
    "aa_mean": 0.996602475643158,
    "aa_min": 0.8980748057365417,
    "fp_gap_mean": 0.019077839329838753,
    "fp_gap_max": 0.5705696940422058,
    "both_converged_n": 30,
    "both_conv_gap_max": 0.5002181529998779,
    "rho_mean": 0.7924428582191467,
    "rho_max": 0.95718914270401
  },
  "pi": {
    "tag": "PI-recipe",
    "acc": 0.85,
    "aa_mean": 0.9954870939254761,
    "aa_min": 0.888980507850647,
    "fp_gap_mean": 0.03204258903861046,
    "fp_gap_max": 0.5265461802482605,
    "both_converged_n": 26,
    "both_conv_gap_max": 0.07091093063354492,
    "rho_mean": 0.8060823082923889,
    "rho_max": 1.0114243030548096
  }
}