{
  "attn_baseline": {
    "latent_strata": {
      "all": [
        0.49964171482253433,
        0.001468178871109727
      ],
      "top50": [
        0.5009913366519536,
        0.0010078040853794938
      ],
      "top25": [
        0.5010957670175232,
        0.0023951337071029554
      ],
      "top10": [
        0.5038854443808976,
        0.0064384655379786816
      ]
    },
    "output_all": [
      0.4999775069587793,
      0.0004423631528458152
    ]
  },
  "attn_pi": {
    "latent_strata": {
      "all": [
        0.499967342975733,
        0.0005591861588694281
      ],
      "top50": [
        0.499440201476742,
        0.0019259603923232112
      ],
      "top25": [
        0.5025246723484119,
        0.0038675042074331717
      ],
      "top10": [
        0.49981686207559084,
        0.007671327530444354
      ]
    },
    "output_all": [
      0.4999188593079695,
      0.0012071733852315675
    ]
  },
  "normdeepsets": {
    "latent_strata": {
      "all": [
        0.5009290754573431,
        0.0013976181151660173
      ],
      "top50": [
        0.5013359192820885,
        0.004166688829470206
      ],
      "top25": [
        0.5069008194686148,
        0.006821810654545032
      ],
      "top10": [
        0.5116927417835937,
        0.016871562327032043
      ]
    },
    "output_all": [
      0.5009575869452344,
      0.0024568484605855204
    ]
  }
}