{
  "normdeepsets": {
    "update": "normdeepsets",
    "acc": 0.758,
    "rho_mean": 0.8772519826889038,
    "rho_max": 1.2672821283340454,
    "contractive_frac": 0.8666666666666667,
    "fp_gap_mean": 0.016713397577404976,
    "fp_gap_max": 0.35605588555336,
    "unlearn_gap_max": 0.21402017772197723,
    "both_converged_n": 26,
    "both_conv_gap_max": 8.843008981784806e-05,
    "removal_supported": true,
    "corr_predrel_vs_gap": 0.4230664998384263,
    "raw": {
      "rho": [
        1.0489498376846313,
        0.8539036512374878,
        0.7392343282699585,
        0.8656458854675293,
        0.9685215353965759,
        0.7775216698646545,
        0.8777785301208496,
        0.8577345609664917,
        0.8537802696228027,
        0.7407519221305847,
        0.8994441032409668,
        0.8948661684989929,
        0.7030022740364075,
        1.010428786277771,
        0.6923023462295532,
        0.8970944285392761,
        1.2672821283340454,
        0.8796553015708923,
        0.7898300886154175,
        0.7550607919692993,
        0.8901668190956116,
        0.8431017398834229,
        0.9678259491920471,
        0.8363210558891296,
        0.842076301574707,
        0.9408591985702515,
        0.7883066534996033,
        1.1756702661514282,
        0.8583875298500061,
        0.8020550608634949
      ],
      "fp_gap": [
        0.003083962606090264,
        2.1167222855100266e-07,
        4.1247071220943157e-07,
        2.3075477965922528e-07,
        1.6225933106742177e-05,
        1.6343352946826236e-07,
        6.839867541704874e-07,
        2.3327452425621817e-07,
        2.1071394022342504e-07,
        8.968537236209072e-07,
        3.126685391523044e-07,
        3.6787618818782905e-07,
        3.0701172168271866e-07,
        0.01766999682481766,
        7.127709380222751e-07,
        3.736965935275847e-07,
        0.3560558807207755,
        9.877629144231006e-07,
        4.095274119777327e-07,
        2.2318676590846858e-07,
        2.3155278126131063e-07,
        5.219502214702845e-07,
        4.1044701678485344e-05,
        1.431870635100318e-06,
        2.0222393413161947e-07,
        3.552575060718955e-05,
        1.7768485635551802e-07,
        0.12448950461195406,
        1.9017642489800723e-07,
        2.3666556736653977e-07
      ],
      "pred_rel": [
        26690.52332007461,
        0.050898874197567064,
        0.03967240448523909,
        0.04698117168870374,
        0.14018258173627746,
        0.02223972342360605,
        0.03069845532247238,
        0.0781251176541004,
        0.04693593455487452,
        0.02876480725415055,
        0.017659744569108127,
        0.0596628930546225,
        0.026408483207892377,
        0.13966758430742843,
        0.03669972853717073,
        0.055539454451171026,
        27606.351832189503,
        0.06601067218366705,
        0.01766873388928865,
        0.03283231443391398,
        0.0735119358876946,
        0.03881460301634111,
        0.0622982010906641,
        0.04330355351393431,
        0.03067208958589211,
        0.022107438370652287,
        0.06418404636701418,
        31602.582714771717,
        0.038059633086594685,
        0.026036930447330357
      ],
      "unlearn_gap": [
        0.00040103461038235055,
        2.3270333560888154e-06,
        8.440646741633913e-07,
        1.739554002445079e-06,
        1.8009106048651824e-06,
        1.819258229957004e-06,
        5.022412183812918e-06,
        4.274438345826466e-06,
        3.377636468682686e-06,
        9.398047688187865e-07,
        5.286720236887265e-06,
        3.5705208265037092e-06,
        1.3051659425281536e-06,
        0.19192575114932897,
        1.005199304696963e-06,
        5.984356426581519e-06,
        0.004924927817455804,
        3.534124793007047e-06,
        8.388458173252463e-07,
        3.9690934373865516e-07,
        1.91400738158846e-07,
        2.1747670613987e-06,
        3.0863728492134848e-06,
        4.254204762778698e-07,
        7.855727553769661e-07,
        8.843008823999192e-05,
        6.952935095669095e-07,
        0.21402018348883736,
        3.264965502638048e-07,
        1.4715293329941515e-06
      ]
    }
  },
  "linattn": {
    "update": "linattn",
    "acc": 0.516,
    "rho_mean": 0.7886219024658203,
    "rho_max": 0.9626178741455078,
    "contractive_frac": 1.0,
    "fp_gap_mean": 0.07394175976514816,
    "fp_gap_max": 0.6420091986656189,
    "unlearn_gap_max": 0.3362341821193695,
    "both_converged_n": 28,
    "both_conv_gap_max": 0.3362341821193695,
    "removal_supported": true,
    "corr_predrel_vs_gap": -0.15871711525813909,
    "raw": {
      "rho": [
        0.7199693918228149,
        0.6518326997756958,
        0.826823353767395,
        0.7052246332168579,
        0.8269182443618774,
        0.9624439477920532,
        0.9377819299697876,
        0.8112154603004456,
        0.7898834347724915,
        0.781446099281311,
        0.7422297596931458,
        0.6937916278839111,
        0.7736049890518188,
        0.8298306465148926,
        0.8874340653419495,
        0.9518899917602539,
        0.6184179186820984,
        0.9353761076927185,
        0.6642621159553528,
        0.9188476800918579,
        0.9626178741455078,
        0.7004005908966064,
        0.7762991786003113,
        0.6751418113708496,
        0.7188535928726196,
        0.8431477546691895,
        0.7783708572387695,
        0.6804696917533875,
        0.8193353414535522,
        0.6747952699661255
      ],
      "fp_gap": [
        8.379410078301034e-07,
        5.631665320953062e-07,
        3.113313173631938e-07,
        1.246955644423807e-06,
        1.3824722475029647e-06,
        0.0012451013101648393,
        4.2122964645607844e-07,
        0.21513197047225277,
        1.198943479133211e-06,
        2.2390377062477655e-06,
        1.922845060082022e-06,
        1.3026169596953141e-06,
        1.963217077035693e-06,
        0.0919478115756642,
        3.6236502771428217e-06,
        1.2506746841261769e-05,
        4.590789678745655e-07,
        0.6420091704136258,
        6.907546563381102e-07,
        1.8012305302000582e-06,
        0.11172203245625913,
        0.46464820299910997,
        0.39667368892121807,
        7.157303071087953e-07,
        0.29483770230656103,
        3.6262024615187194e-07,
        1.3297379678940553e-06,
        7.669723943578401e-07,
        9.745298137979914e-07,
        6.947213744730717e-07
      ],
      "pred_rel": [
        0.0028340497316279296,
        0.0024035213703889158,
        0.019505340425217888,
        0.014393575059693629,
        0.04099644185066475,
        0.04207859555528833,
        0.0016198949303371294,
        0.0001730429627158267,
        0.029358980051123813,
        0.009768709080213024,
        0.007848782007789153,
        0.0006473447170262941,
        0.0007701341970794174,
        0.027785927942212615,
        0.01732924968521313,
        0.03244794785249396,
        0.003017928345500222,
        0.014067950805735637,
        0.008210870016322556,
        0.008531806789834116,
        0.003217839303591065,
        0.0015096423061463577,
        0.002735342328344113,
        0.0029248594883413436,
        0.000472115090670184,
        0.0028724720481257977,
        0.004597050249028753,
        0.00139433353103622,
        0.0017791015156563771,
        0.010472654184931386
      ],