{
  "normdeepsets": {
    "update": "normdeepsets",
    "rho_mean": 0.7927538156509399,
    "rho_median": 0.7663559913635254,
    "rho_max": 0.9292944669723511,
    "rho_min": 0.6935985088348389,
    "contractive_frac": 1.0,
    "unlearn_gap_mean": 2.612448042782489e-06,
    "unlearn_gap_max": 2.5894902137224562e-05,
    "both_converged_n": 30,
    "both_conv_gap_max": 2.5894902137224562e-05,
    "corr_amplifier_vs_gap": 0.5132364295278967,
    "corr_predrel_vs_gap": 0.25781727891179684,
    "raw": {
      "rho": [
        0.7562435269355774,
        0.8365642428398132,
        0.7447860240936279,
        0.81997150182724,
        0.854515552520752,
        0.8148259520530701,
        0.8256661891937256,
        0.831835925579071,
        0.7642946243286133,
        0.8908669948577881,
        0.6935985088348389,
        0.8639940023422241,
        0.7238709330558777,
        0.7612265348434448,
        0.713513970375061,
        0.8361388444900513,
        0.7945736050605774,
        0.7296388745307922,
        0.7452170252799988,
        0.770043671131134,
        0.8954888582229614,
        0.7489615082740784,
        0.7652676701545715,
        0.7131722569465637,
        0.9292944669723511,
        0.7663559913635254,
        0.8997511863708496,
        0.7614538073539734,
        0.8288613557815552,
        0.7026200294494629
      ],
      "amplifier": [
        4.102455157101445,
        6.11861209184401,
        3.9182807150297307,
        5.554676121557011,
        6.873586952602891,
        5.400324781400229,
        5.736121956923396,
        5.946573329907047,
        4.242584612894742,
        9.163130793446893,
        3.263691688305019,
        7.3526169229407285,
        3.6214948721872906,
        4.188070057719085,
        3.4905716041692414,
        6.102727622589514,
        4.867923619527501,
        3.698756610309691,
        3.924909037187315,
        4.348651784966772,
        9.568357813307356,
        3.983452868621352,
        4.260171577807374,
        3.4864130971239384,
        14.143164716811578,
        4.280015592250407,
        9.975180391653229,
        4.192060199778068,
        5.843215625359167,
        3.3627012543874697
      ],
      "pred_rel": [
        0.006248674002377242,
        0.03847650252134067,
        0.03413806665064002,
        0.032931652622601885,
        0.04835293408140158,
        0.018552241255905325,
        0.028188686420228187,
        0.05337038546729852,
        0.03162057405419817,
        0.03485271171339109,
        0.01741169750213265,
        0.02570557769270128,
        0.02488759141379539,
        0.01607638119315699,
        0.0440301028285271,
        0.03212342224326008,
        0.006687054603027062,
        0.024053810070299806,
        0.01708955735745596,
        0.02924555195816631,
        0.00859206523799399,
        0.008238444882679089,
        0.00640381544754081,
        0.041318167667536605,
        0.025892599758576603,
        0.0027189836556272477,
        0.061867110561655926,
        0.033802983211118916,
        0.03571673233149725,
        0.023452146473032957
      ],
      "unlearn_gap": [
        1.108593051729765e-06,
        2.67846798156184e-06,
        1.2089523167560758e-06,
        1.9092227644620948e-07,
        1.0989490231847126e-05,
        1.6786585835863237e-06,
        1.265712329549561e-07,
        8.151081774978874e-06,
        2.442723746988699e-07,
        2.589490263482403e-05,
        5.086161209627268e-07,
        2.689175786901798e-07,
        1.2404953028484177e-07,
        8.479902703064081e-07,
        4.281079535365128e-07,
        2.352423364990932e-06,
        2.2058549196599186e-07,
        7.36624042374233e-07,
        6.091244890422876e-07,
        4.742795466382626e-07,
        4.881696660379031e-06,
        1.0937623998121946e-06,
        1.5575862389399918e-06,
        5.708303950180283e-07,
        7.168073902275224e-06,
        6.135416510307349e-07,
        2.5985086668137078e-06,
        5.848302133030584e-07,
        1.351737483537364e-07,
        3.268061633892476e-07
      ]
    }
  },
  "attn": {
    "update": "attn",
    "rho_mean": 0.7751778960227966,
    "rho_median": 0.788921594619751,
    "rho_max": 0.9210149645805359,
    "rho_min": 0.5529448390007019,
    "contractive_frac": 1.0,
    "unlearn_gap_mean": 0.05060940608382225,
    "unlearn_gap_max": 0.7340167164802551,
    "both_converged_n": 29,
    "both_conv_gap_max": 0.7340167164802551,
    "corr_amplifier_vs_gap": -0.2511407749831222,
    "corr_predrel_vs_gap": NaN,
    "raw": {
      "rho": [
        0.8726772665977478,
        0.7736570835113525,
        0.788921594619751,
        0.6108213663101196,
        0.9210149645805359,
        0.6157234311103821,
        0.6390689611434937,
        0.765562117099762,
        0.8480226397514343,
        0.8830093145370483,
        0.6940019130706787,
        0.8399959802627563,
        0.7204496264457703,
        0.8808386325836182,
        0.792916476726532,
        0.7102932333946228,
        0.799770712852478,
        0.6521464586257935,
        0.7742757201194763,
        0.8663771152496338,
        0.8191865682601929,
        0.8786832094192505,
        0.8368417620658875,
        0.8361572027206421,
        0.8159492611885071,
        0.6787302494049072,
        0.7712109684944153,
        0.8401302099227905,
        0.5529448390007019,
        0.7759579420089722
      ],
      "amplifier": [
        7.854056956511359,
        4.418075084979106,
        4.737576059467293,
        2.569514134213382,
        12.66062608808519,
        2.602292413741329,
        2.7706123673047838,
        4.265522225456783,
        6.579927420534585,
        8.54768904073716,
        3.2679942872681345,
        6.249842982958715,
        3.5771728268000715,
        8.39198157659379,
        4.828969413850619,
        3.451766114120992,
        4.994274385361193,
        2.8747730899891604,
        4.430183587380595,
        7.483748026157318,
        5.530562582535422,
        8.242882087573783,
        6.1290193658736705,
        6.103411420002575,
        5.43328435657198,
        3.112649099853581,
        4.370838905254032,
        6.255090467792869,
        2.236860430745749,
        4.463447662313684
      ],
      "pred_rel": [
        NaN,
        NaN,
        NaN,
        NaN,
        NaN,
        NaN,
        NaN,
        NaN,
        NaN,
        NaN,
        NaN,
        NaN,
        NaN,
        NaN,
        NaN,
        NaN,
        NaN,
        NaN,
        NaN,
        NaN,
        NaN,
        NaN,
        NaN,
        NaN,
        NaN,
        NaN,
        NaN,
        NaN,
        NaN,
        NaN
      ],
      "unlearn_gap": [
        1.4053904850120536e-07,
        9.358525645559727e-07,
        8.295575542959575e-07,
        3.362500543972548e-07,
        0.0006598600837187534,
        7.467214747620737e-07,
        0.5048165948148343,
        0.2787685148854982,
        4.402387394154692e-07,
        1.4597031477663449e-06,
        4.1021457681837983e-07,
        1.2314284133654132e-06,
        1.749037213532822e-07,
        3.906621597470355e-06,
        1.4242063276243637e-06,
        0.7340167283196103,
        7.152026770006502e-07,
        5.025500912391384e-07,
        1.801933738548534e-07,
        1.6993389943170098e-07,
        1.497286167728072e-07,
        1.7553962931552864e-07,
        2.8034134634184296e-06,
        1.738785955111604e-07,
        1.9624719351160076e-07,
        1.071212756497991e-06,
        2.239713660362966e-07,
        1.6549401770304472e-06,
        3.0128937294496496e-07,
        2.0333358331469538e-07
      ]
    }
  }
}